Brand,Country,Type,Number
Trafalgar,USA,Trade,8008540103
Trafalgar,USA,Consumer,8665121995
Trafalgar,CAN,Trade,8003872680
Trafalgar,CAN,Consumer,8003524444
Trafalgar,SA,Trade,112808400
Trafalgar,SA,Consumer,112808440
Trafalgar,UK,Trade,8002061469
Trafalgar,UK,Consumer,8449209164
Trafalgar,SYD,Trade,1300787878
Trafalgar,SYD,Consumer,1800940447
Trafalgar,NZ,Trade,800872325
Trafalgar,NZ,Consumer,800484333
Trafalgar,EU,Trade,35317753838
Trafalgar,EU,Consumer,1800989898
Insight,USA,Trade,8005828380
Insight,USA,Consumer,886801241
Insight,CAN,Trade,8003878490
Insight,CAN,Consumer,8667478120
Insight,SA,Trade,112808400
Insight,SA,Consumer,112808435
Insight,UK,Trade,8005335620
Insight,UK,Consumer,8005335620
Insight,AUS,Trade,1800001777
Insight,AUS,Consumer,1800001778
Insight,NZ,Trade,8006561111
Insight,NZ,Consumer,800568769
Insight,EU,Trade,800989898
Insight,EU,Consumer,35317753838
Costsaver,USA,Trade,8008540103
Costsaver,USA,Consumer,8665306085
Costsaver,CAN,Trade,8448880217
Costsaver,CAN,Consumer,8446493583
Costsaver,SA,Trade,112808400
Costsaver,SA,Consumer,112808440
Costsaver,UK,Trade,8002061469
Costsaver,UK,Consumer,8005335616
Costsaver,AUS,Trade,1300747400
Costsaver,AUS,Consumer,1300302118
Costsaver,NZ,Trade,800484333
Costsaver,NZ,Consumer,800484333
Costsaver,EU,Trade,800989898
Costsaver,EU,Consumer,35317753838
Luxury Gold,USA,Trade,8888625952
Luxury Gold,USA,Consumer,8888625952
Luxury Gold,CAN,Trade,8006871002
Luxury Gold,CAN,Consumer,8448880218
Luxury Gold,SA,Trade,112808400
Luxury Gold,SA,Consumer,112808435
Luxury Gold,UK,Trade,8002061468
Luxury Gold,UK,Consumer,8002061468
Luxury Gold,AUS,Trade,1300301423
Luxury Gold,AUS,Consumer,800810649
Luxury Gold,NZ,Trade,8006561111
Luxury Gold,NZ,Consumer,800568769
Luxury Gold,EU,Trade,35316498526
Luxury Gold,EU,Consumer,35317753838
Brendan,USA,Trade/Consumer,8004218446
Brendan,CAN,Trade,
